name,start,end,length,free_flow_speed
1,1,2,363.2,11.11
2,1,3,518.2,11.11
3,1,25,1512.8,11.11
4,1,544,1250.2,11.11
5,2,3,347.1,11.11
6,2,4,402.2,11.11
7,2,5,406.8,11.11
8,2,7,455.7,11.11
9,2,8,420.5,11.11
10,2,9,361.4,11.11
11,2,10,596.7,11.11
12,2,544,1179.7,11.11
13,3,4,671.0,11.11
14,3,19,784.4,11.11
15,3,632,958.6,11.11
16,4,5,86.2,11.11
17,4,6,200.9,11.11
18,4,18,170.3,11.11
19,4,19,146.2,11.11
20,5,6,140.6,11.11
21,5,7,106.6,11.11
22,5,9,114.5,11.11
23,5,18,174.2,11.11
24,6,7,100.6,11.11
25,6,10,153.2,11.11
26,6,11,85.4,11.11
27,6,17,94.9,11.11
28,6,18,136.2,11.11
29,7,8,100.5,11.11
30,7,9,96.8,11.11
31,7,10,157.7,11.11
32,8,9,86.1,11.11
33,10,11,125.6,11.11
34,10,12,63.9,11.11
35,10,14,174.1,11.11
36,10,544,618.3,11.11
37,11,12,107.0,11.11
38,11,13,80.7,11.11
39,11,16,121.6,11.11
40,11,17,103.4,11.11
41,12,13,100.9,11.11
42,12,14,113.0,11.11
43,13,14,114.7,11.11
44,13,15,159.5,11.11
45,13,16,109.8,11.11
46,14,15,168.4,11.11
47,14,544,500.5,11.11
48,15,16,167.7,11.11
49,15,20,913.9,11.11
50,15,24,275.4,11.11
51,15,544,577.1,11.11
52,15,630,258.8,11.11
53,15,631,241.4,11.11
54,15,632,340.5,11.11
55,16,17,103.2,11.11
56,16,631,103.6,11.11
57,17,18,79.2,11.11
58,17,631,126.0,11.11
59,18,19,94.0,11.11
60,18,631,139.1,11.11
61,18,632,181.2,11.11
62,19,632,181.3,11.11
63,20,21,353.6,11.11
64,20,22,241.6,11.11
65,20,23,395.9,11.11
66,20,24,663.9,11.11
67,20,234,610.0,11.11
68,20,546,1086.9,11.11
69,20,630,868.1,11.11
70,20,632,1024.4,11.11
71,21,22,142.4,11.11
72,21,23,400.1,11.11
73,21,24,321.8,11.11
74,22,23,290.7,11.11
75,23,24,538.1,11.11
76,23,27,791.4,11.11
77,23,234,598.0,11.11
78,23,544,808.6,11.11
79,24,544,565.0,11.11
80,24,630,386.3,11.11
81,25,26,226.9,11.11
82,25,27,609.7,11.11
83,25,28,416.5,11.11
84,25,544,508.3,11.11
85,26,27,413.4,11.11
86,26,544,419.5,11.11
87,27,28,482.7,11.11
88,27,29,505.0,11.11
89,27,30,770.3,11.11
90,27,234,1080.0,11.11
91,27,235,1181.9,11.11
92,27,544,713.3,11.11
93,28,29,65.5,11.11
94,28,30,830.4,11.11
95,30,31,1190.0,11.11
96,30,235,1089.9,11.11
97,30,607,1548.1,11.11
98,31,32,502.4,11.11
99,31,34,954.4,11.11
100,31,35,973.0,11.11
101,31,36,944.1,11.11
102,31,51,1082.8,11.11
103,31,52,1083.2,11.11
104,31,235,1273.4,11.11
105,31,589,1014.8,11.11
106,31,607,639.4,11.11
107,32,33,617.8,11.11
108,32,34,717.9,11.11
109,32,35,848.1,11.11
110,33,34,185.9,11.11
111,33,522,703.5,11.11
112,34,35,220.6,11.11
113,34,41,275.6,11.11
114,34,42,228.5,11.11
115,34,522,562.5,11.11
116,35,36,92.7,11.11
117,35,41,99.8,11.11
118,35,589,265.1,11.11
119,35,592,251.3,11.11
120,36,589,182.7,11.11
121,37,38,100.2,11.11
122,37,44,126.2,11.11
123,37,45,183.8,11.11
124,37,592,195.2,11.11
125,37,593,136.8,11.11
126,38,39,92.4,11.11
127,38,40,161.1,11.11
128,38,43,232.2,11.11
129,38,44,188.2,11.11
130,38,592,149.2,11.11
131,38,593,186.8,11.11
132,39,40,97.5,11.11
133,39,41,192.9,11.11
134,39,42,252.9,11.11
135,39,43,293.0,11.11
136,40,41,127.1,11.11
137,40,42,225.3,11.11
138,40,592,78.5,11.11
139,41,42,119.0,11.11
140,41,592,196.3,11.11
141,42,43,512.6,11.11
142,42,522,341.9,11.11
143,43,44,134.2,11.11
144,43,46,261.5,11.11
145,43,506,353.2,11.11
146,43,507,256.6,11.11
147,43,522,278.2,11.11
148,43,619,395.3,11.11
149,44,45,165.6,11.11
150,44,46,180.8,11.11
151,45,46,151.7,11.11
152,45,47,221.2,11.11
153,45,48,147.9,11.11
154,45,49,116.7,11.11
155,45,508,597.3,11.11
156,45,552,172.6,11.11
157,45,593,217.1,11.11
158,46,507,290.7,11.11
159,46,508,573.5,11.11
160,46,552,190.4,11.11
161,46,619,233.6,11.11
162,46,624,666.9,11.11
163,47,48,108.6,11.11
164,47,50,183.1,11.11
165,47,53,118.2,11.11
166,47,54,139.2,11.11
167,47,55,171.2,11.11
168,47,552,169.7,11.11
169,47,554,205.9,11.11
170,48,49,81.4,11.11
171,48,50,109.2,11.11
172,48,53,155.4,11.11
173,48,552,195.6,11.11
174,49,50,118.6,11.11
175,49,593,130.4,11.11
176,50,51,113.1,11.11
177,50,52,288.9,11.11
178,50,53,147.6,11.11
179,50,590,186.4,11.11
180,50,593,159.2,11.11
181,51,52,218.6,11.11
182,51,53,177.6,11.11
183,51,589,242.2,11.11
184,51,590,190.6,11.11
185,51,593,220.9,11.11
186,52,53,206.2,11.11
187,52,54,219.3,11.11
188,52,55,338.5,11.11
189,52,56,349.9,11.11
190,52,237,269.3,11.11
191,52,238,266.9,11.11
192,52,239,224.5,11.11
193,52,242,207.2,11.11
194,52,243,321.6,11.11
195,52,602,158.4,11.11
196,52,607,701.8,11.11
197,53,54,95.7,11.11
198,54,55,127.4,11.11
199,55,56,171.3,11.11
200,55,57,201.3,11.11
201,55,554,131.9,11.11
202,56,57,84.8,11.11
203,56,58,139.4,11.11
204,56,59,162.2,11.11
205,56,241,102.5,11.11
206,56,242,142.7,11.11
207,57,58,126.7,11.11
208,57,510,146.5,11.11
209,57,513,126.1,11.11
210,57,554,262.3,11.11
211,58,59,95.1,11.11
212,58,60,77.3,11.11
213,58,513,117.7,11.11
214,59,60,115.8,11.11
215,59,240,129.6,11.11
216,59,241,129.9,11.11
217,59,243,122.2,11.11
218,59,244,177.9,11.11
219,60,61,102.1,11.11
220,60,243,227.7,11.11
221,60,244,247.9,11.11
222,60,245,137.1,11.11
223,60,513,143.3,11.11
224,61,62,65.1,11.11
225,61,63,156.1,11.11
226,61,244,330.7,11.11
227,61,245,187.4,11.11
228,61,512,223.3,11.11
229,61,513,146.6,11.11
230,61,514,241.0,11.11
231,61,515,163.6,11.11
232,62,63,108.5,11.11
233,62,64,117.4,11.11
234,62,515,126.9,11.11
235,63,64,91.3,11.11
236,63,65,137.7,11.11
237,63,66,102.2,11.11
238,63,67,98.7,11.11
239,63,245,134.9,11.11
240,64,65,156.3,11.11
241,64,66,151.4,11.11
242,64,81,110.7,11.11
243,64,82,179.0,11.11
244,64,83,103.1,11.11
245,64,85,213.8,11.11
246,64,515,146.2,11.11
247,65,66,53.4,11.11
248,65,71,270.6,11.11
249,65,72,173.5,11.11
250,65,74,168.0,11.11
251,65,81,175.2,11.11
252,65,82,84.3,11.11
253,66,67,83.3,11.11
254,66,68,109.4,11.11
255,66,71,250.7,11.11
256,66,72,177.3,11.11
257,67,68,53.9,11.11
258,67,70,188.1,11.11
259,67,245,82.3,11.11
260,68,69,101.8,11.11
261,68,70,137.4,11.11
262,68,71,182.0,11.11
263,69,70,94.6,11.11
264,69,71,80.8,11.11
265,70,71,115.5,11.11
266,70,244,101.6,11.11
267,70,245,185.7,11.11
268,70,607,709.5,11.11
269,71,72,128.7,11.11
270,71,244,217.1,11.11
271,71,603,731.4,11.11
272,71,607,698.0,11.11
273,72,73,113.0,11.11
274,72,74,105.9,11.11
275,72,82,215.9,11.11
276,72,95,698.1,11.11
277,72,603,802.5,11.11
278,72,606,629.2,11.11
279,73,74,84.5,11.11
280,73,95,637.9,11.11
281,74,75,91.5,11.11
282,74,76,157.0,11.11
283,74,82,163.9,11.11
284,74,95,593.5,11.11
285,74,545,270.6,11.11
286,75,76,126.2,11.11
287,75,77,162.8,11.11
288,75,82,127.0,11.11
289,75,545,179.1,11.11
290,76,77,95.4,11.11
291,76,95,479.9,11.11
292,77,95,384.6,11.11
293,77,545,154.4,11.11
294,78,79,76.8,11.11
295,78,80,142.5,11.11
296,78,82,201.6,11.11
297,78,93,198.4,11.11
298,78,545,101.5,11.11
299,79,80,169.5,11.11
300,79,81,189.3,11.11
301,79,84,98.4,11.11
302,79,93,159.0,11.11
303,79,94,162.7,11.11
304,80,81,58.4,11.11
305,80,82,101.1,11.11
306,80,545,198.2,11.11
307,81,82,141.0,11.11
308,81,83,76.7,11.11
309,81,84,157.4,11.11
310,82,545,208.4,11.11
311,83,84,157.5,11.11
312,83,85,114.7,11.11
313,84,85,125.4,11.11
314,84,92,111.2,11.11
315,84,94,205.6,11.11
316,85,86,73.4,11.11
317,85,92,188.4,11.11
318,85,515,158.7,11.11
319,85,516,127.9,11.11
320,86,87,66.7,11.11
321,86,91,173.0,11.11
322,86,92,176.7,11.11
323,86,515,205.7,11.11
324,86,516,113.8,11.11
325,87,88,65.2,11.11
326,87,91,149.5,11.11
327,87,516,139.2,11.11
328,87,517,206.7,11.11
329,88,89,61.9,11.11
330,88,90,183.1,11.11
331,88,91,137.9,11.11
332,88,516,193.5,11.11
333,88,517,220.3,11.11
334,89,90,176.6,11.11
335,90,91,134.3,11.11
336,90,93,329.3,11.11
337,90,95,547.3,11.11
338,90,96,248.1,11.11
339,90,139,184.5,11.11
340,90,517,395.1,11.11
341,90,542,489.6,11.11
342,91,92,100.3,11.11
343,91,93,247.1,11.11
344,92,93,175.6,11.11
345,92,94,134.4,11.11
346,93,94,53.0,11.11
347,93,95,255.8,11.11
348,93,545,247.8,11.11
349,95,96,400.3,11.11
350,95,100,439.0,11.11
351,95,102,508.6,11.11
352,95,103,662.2,11.11
353,95,107,433.9,11.11
354,95,214,468.2,11.11
355,95,246,405.3,11.11
356,95,247,328.3,11.11
357,95,545,340.5,11.11
358,95,603,1303.1,11.11
359,95,606,729.7,11.11
360,96,97,135.4,11.11
361,96,98,128.0,11.11
362,96,100,220.7,11.11
363,96,139,144.9,11.11
364,96,140,108.1,11.11
365,97,98,103.7,11.11
366,97,99,120.2,11.11
367,97,100,85.4,11.11
368,98,99,60.1,11.11
369,98,139,151.0,11.11
370,98,140,89.2,11.11
371,99,100,148.5,11.11
372,99,101,121.6,11.11
373,99,138,158.2,11.11
374,99,139,199.2,11.11
375,99,140,141.7,11.11
376,100,101,150.7,11.11
377,100,102,88.7,11.11
378,101,102,119.0,11.11
379,101,103,274.1,11.11
380,101,136,272.2,11.11
381,101,137,83.5,11.11
382,101,138,107.0,11.11
383,102,103,216.5,11.11
384,102,107,346.9,11.11
385,103,104,83.4,11.11
386,103,105,161.4,11.11
387,103,107,340.0,11.11
388,103,119,233.3,11.11
389,103,121,272.9,11.11
390,103,122,224.6,11.11
391,103,123,271.9,11.11
392,103,136,152.4,11.11
393,104,105,79.3,11.11
394,105,106,69.9,11.11
395,105,107,211.0,11.11
396,105,119,128.9,11.11
397,106,107,156.5,11.11
398,107,108,198.4,11.11
399,107,109,251.7,11.11
400,107,110,301.9,11.11
401,107,119,300.4,11.11
402,107,120,260.2,11.11
403,107,247,285.3,11.11
404,107,254,279.8,11.11
405,107,257,223.2,11.11
406,108,109,59.8,11.11
407,109,110,90.5,11.11
408,109,111,98.9,11.11
409,109,112,143.0,11.11
410,109,120,132.2,11.11
411,110,111,119.0,11.11
412,110,192,228.4,11.11
413,110,193,89.5,11.11
414,110,254,183.0,11.11
415,111,112,94.0,11.11
416,111,113,116.6,11.11
417,111,192,160.8,11.11
418,112,113,117.0,11.11
419,112,114,106.7,11.11
420,112,117,93.3,11.11
421,112,118,123.7,11.11
422,112,120,110.9,11.11
423,113,114,113.7,11.11
424,113,115,162.1,11.11
425,113,189,155.7,11.11
426,113,192,106.3,11.11
427,114,115,83.5,11.11
428,114,116,89.4,11.11
429,114,117,79.0,11.11
430,115,116,91.9,11.11
431,115,182,170.0,11.11
432,115,183,193.7,11.11
433,115,184,174.1,11.11
434,115,185,85.7,11.11
435,115,187,116.7,11.11
436,115,189,167.4,11.11
437,116,117,89.8,11.11
438,116,118,107.8,11.11
439,116,121,130.1,11.11
440,116,182,138.5,11.11
441,116,183,125.2,11.11
442,117,118,46.5,11.11
443,118,119,90.2,11.11
444,118,120,124.2,11.11
445,118,121,110.1,11.11
446,118,183,181.5,11.11
447,119,120,91.4,11.11
448,119,121,143.1,11.11
449,121,122,77.0,11.11
450,121,123,153.7,11.11
451,121,183,103.8,11.11
452,122,123,93.8,11.11
453,123,124,96.3,11.11
454,123,127,145.1,11.11
455,123,134,175.4,11.11
456,123,135,291.5,11.11
457,123,136,248.2,11.11
458,123,183,158.0,11.11
459,124,125,90.9,11.11
460,124,126,116.4,11.11
461,124,127,147.3,11.11
462,124,134,83.3,11.11
463,125,126,71.4,11.11
464,125,127,123.8,11.11
465,125,129,72.1,11.11
466,125,130,106.6,11.11
467,125,131,111.6,11.11
468,125,132,103.4,11.11
469,125,134,110.3,11.11
470,126,127,53.2,11.11
471,126,128,52.1,11.11
472,126,129,82.1,11.11
473,127,128,77.2,11.11
474,127,164,154.7,11.11
475,127,180,104.4,11.11
476,127,181,76.9,11.11
477,127,183,177.4,11.11
478,128,129,56.9,11.11
479,128,164,87.3,11.11
480,129,130,68.0,11.11
481,129,162,107.2,11.11
482,129,164,94.5,11.11
483,130,131,79.7,11.11
484,130,133,157.9,11.11
485,130,161,138.7,11.11
486,130,162,88.4,11.11
487,130,164,127.7,11.11
488,131,132,49.7,11.11
489,131,133,78.6,11.11
490,131,161,201.2,11.11
491,132,133,51.0,11.11
492,132,134,79.3,11.11
493,133,134,100.4,11.11
494,133,135,205.2,11.11
495,133,151,83.2,11.11
496,133,160,260.7,11.11
497,133,161,275.3,11.11
498,134,135,180.5,11.11
499,134,136,216.2,11.11
500,135,136,114.9,11.11
501,135,137,244.0,11.11
502,135,138,298.8,11.11
503,135,150,129.9,11.11
504,135,151,228.0,11.11
505,135,542,863.9,11.11
506,136,137,218.2,11.11
507,136,138,292.1,11.11
508,137,138,79.2,11.11
509,138,139,317.1,11.11
510,138,150,312.4,11.11
511,138,542,624.1,11.11
512,139,140,62.8,11.11
513,139,542,494.8,11.11
514,141,142,72.2,11.11
515,141,148,171.3,11.11
516,141,542,436.5,11.11
517,142,143,99.0,11.11
518,142,144,115.6,11.11
519,142,148,157.6,11.11
520,142,542,444.4,11.11
521,143,144,99.2,11.11
522,143,145,176.1,11.11
523,143,146,86.6,11.11
524,143,147,253.0,11.11
525,143,148,156.3,11.11
526,143,542,503.7,11.11
527,144,542,414.1,11.11
528,145,146,103.4,11.11
529,145,147,240.0,11.11
530,145,542,569.7,11.11
531,145,601,312.8,11.11
532,146,147,195.9,11.11
533,146,542,560.4,11.11
534,147,148,250.3,11.11
535,147,149,213.2,11.11
536,147,154,182.3,11.11
537,147,155,334.2,11.11
538,147,476,457.9,11.11
539,147,601,494.7,11.11
540,148,149,137.9,11.11
541,148,542,599.2,11.11
542,149,150,157.2,11.11
543,149,151,253.0,11.11
544,149,152,134.9,11.11
545,149,154,161.4,11.11
546,149,542,736.9,11.11
547,150,151,195.4,11.11
548,150,152,171.3,11.11
549,150,542,793.6,11.11
550,151,152,135.7,11.11
551,151,153,158.3,11.11
552,151,156,231.0,11.11
553,151,160,265.7,11.11
554,151,161,297.8,11.11
555,151,538,141.8,11.11
556,151,539,51.9,11.11
557,152,153,141.9,11.11
558,152,154,106.2,11.11
559,152,539,148.1,11.11
560,153,154,143.3,11.11
561,153,155,207.9,11.11
562,153,156,145.5,11.11
563,153,538,79.6,11.11
564,153,539,120.5,11.11
565,154,155,244.6,11.11
566,155,156,227.2,11.11
567,155,265,193.7,11.11
568,155,266,289.1,11.11
569,155,267,260.8,11.11
570,155,268,380.4,11.11
571,155,269,459.5,11.11
572,155,271,472.1,11.11
573,155,476,219.4,11.11
574,155,601,738.9,11.11
575,156,157,41.3,11.11
576,156,159,130.5,11.11
577,156,160,130.7,11.11
578,156,265,146.6,11.11
579,156,538,93.0,11.11
580,156,548,173.8,11.11
581,157,158,77.9,11.11
582,157,159,99.6,11.11
583,157,548,135.2,11.11
584,158,159,69.7,11.11
585,158,264,86.5,11.11
586,158,548,76.7,11.11
587,159,160,33.4,11.11
588,159,264,111.5,11.11
589,160,161,63.0,11.11
590,160,168,417.3,11.11
591,160,261,227.9,11.11
592,160,264,143.6,11.11
593,160,538,176.6,11.11
594,161,162,73.9,11.11
595,161,163,78.5,11.11
596,161,166,116.3,11.11
597,161,167,302.9,11.11
598,161,168,360.0,11.11
599,161,261,211.7,11.11
600,162,163,44.1,11.11
601,162,164,81.3,11.11
602,163,164,75.3,11.11
603,163,165,103.8,11.11
604,163,166,71.3,11.11
605,164,165,89.8,11.11
606,164,179,127.0,11.11
607,164,180,96.0,11.11
608,165,166,82.0,11.11
609,165,167,161.5,11.11
610,165,178,131.4,11.11
611,165,179,91.8,11.11
612,165,180,118.5,11.11
613,166,167,186.9,11.11
614,167,168,63.1,11.11
615,167,169,226.3,11.11
616,167,170,171.9,11.11
617,167,176,212.4,11.11
618,167,178,165.0,11.11
619,168,169,193.7,11.11
620,168,171,271.9,11.11
621,168,172,287.7,11.11
622,168,259,482.5,11.11
623,168,261,301.1,11.11
624,168,270,448.0,11.11
625,169,170,118.0,11.11
626,169,171,119.6,11.11
627,169,172,96.7,11.11
628,170,171,110.5,11.11
629,170,173,108.1,11.11
630,170,175,129.3,11.11
631,170,176,105.4,11.11
632,171,172,84.7,11.11
633,171,173,71.4,11.11
634,171,174,140.6,11.11
635,171,175,138.3,11.11
636,171,259,212.9,11.11
637,171,260,171.9,11.11
638,173,174,84.4,11.11
639,173,175,68.3,11.11
640,174,175,85.5,11.11
641,174,184,125.4,11.11
642,174,185,149.6,11.11
643,174,186,99.9,11.11
644,174,259,215.0,11.11
645,174,260,96.4,11.11
646,175,176,63.1,11.11
647,175,177,99.9,11.11
648,175,184,128.2,11.11
649,176,177,87.3,11.11
650,176,178,79.7,11.11
651,177,178,111.6,11.11
652,177,179,127.1,11.11
653,177,181,99.6,11.11
654,177,182,136.0,11.11
655,177,184,108.9,11.11
656,178,179,55.9,11.11
657,179,180,69.7,11.11
658,179,181,138.6,11.11
659,180,181,93.9,11.11
660,181,182,134.9,11.11
661,181,183,150.4,11.11
662,181,184,159.9,11.11
663,182,183,75.4,11.11
664,182,184,72.8,11.11
665,182,185,147.8,11.11
666,184,185,116.2,11.11
667,184,186,137.6,11.11
668,185,186,73.1,11.11
669,185,187,95.9,11.11
670,186,187,100.5,11.11
671,186,188,119.4,11.11
672,186,260,85.8,11.11
673,187,188,118.5,11.11
674,187,189,93.2,11.11
675,187,260,156.6,11.11
676,188,189,162.4,11.11
677,188,259,124.1,11.11
678,188,260,91.3,11.11
679,188,547,111.4,11.11
680,189,190,109.4,11.11
681,189,192,160.3,11.11
682,189,547,141.4,11.11
683,190,191,125.2,11.11
684,190,192,166.2,11.11
685,190,547,122.2,11.11
686,191,192,114.9,11.11
687,191,193,246.7,11.11
688,191,194,142.0,11.11
689,191,258,93.1,11.11
690,191,547,247.1,11.11
691,192,193,189.4,11.11
692,193,194,153.1,11.11
693,193,195,153.1,11.11
694,193,254,212.4,11.11
695,193,255,117.3,11.11
696,194,195,95.6,11.11
697,194,258,147.5,11.11
698,195,196,98.6,11.11
699,195,200,286.9,11.11
700,195,253,196.7,11.11
701,195,254,286.4,11.11
702,195,255,181.7,11.11
703,195,258,227.2,11.11
704,196,197,125.8,11.11
705,196,198,196.8,11.11
706,196,200,188.2,11.11
707,196,252,226.0,11.11
708,196,253,216.5,11.11
709,196,258,261.9,11.11
710,197,198,99.4,11.11
711,197,252,109.1,11.11
712,197,253,159.5,11.11
713,198,199,77.4,11.11
714,198,200,140.3,11.11
715,198,201,165.8,11.11
716,198,209,250.9,11.11
717,198,251,176.0,11.11
718,198,252,148.1,11.11
719,199,200,96.9,11.11
720,199,201,124.8,11.11
721,200,201,211.9,11.11
722,200,202,351.6,11.11
723,200,203,403.8,11.11
724,200,258,393.2,11.11
725,201,202,165.0,11.11
726,201,203,244.5,11.11
727,201,207,244.0,11.11
728,201,208,184.2,11.11
729,201,209,195.4,11.11
730,201,251,232.9,11.11
731,202,203,91.9,11.11
732,202,204,209.7,11.11
733,202,205,225.7,11.11
734,202,206,114.9,11.11
735,202,207,195.6,11.11
736,202,208,199.8,11.11
737,203,204,161.3,11.11
738,203,540,409.9,11.11
739,203,546,1048.6,11.11
740,204,205,192.9,11.11
741,204,223,278.0,11.11
742,204,540,255.1,11.11
743,204,546,887.4,11.11
744,205,206,124.0,11.11
745,205,207,124.6,11.11
746,205,216,210.1,11.11
747,205,220,211.1,11.11
748,205,221,170.6,11.11
749,205,222,89.4,11.11
750,205,223,190.0,11.11
751,206,207,88.1,11.11
752,207,208,85.5,11.11
753,207,215,223.1,11.11
754,207,216,192.3,11.11
755,208,209,79.7,11.11
756,208,211,200.9,11.11
757,208,215,243.1,11.11
758,208,216,239.2,11.11
759,209,210,113.1,11.11
760,209,211,155.2,11.11
761,209,215,245.2,11.11
762,209,251,146.2,11.11
763,210,211,119.2,11.11
764,210,249,147.0,11.11
765,210,251,97.7,11.11
766,211,212,115.6,11.11
767,211,213,142.3,11.11
768,211,215,146.6,11.11
769,211,249,201.6,11.11
770,212,213,133.4,11.11
771,212,214,181.1,11.11
772,212,246,204.4,11.11
773,212,249,148.5,11.11
774,213,214,185.0,11.11
775,213,215,123.6,11.11
776,214,215,308.5,11.11
777,214,216,384.1,11.11
778,214,246,237.2,11.11
779,214,247,359.5,11.11
780,214,541,423.6,11.11
781,214,606,416.7,11.11
782,215,216,78.8,11.11
783,215,541,232.5,11.11
784,216,217,130.1,11.11
785,216,218,155.5,11.11
786,216,220,123.5,11.11
787,216,541,204.3,11.11
788,217,218,80.7,11.11
789,217,541,83.0,11.11
790,218,219,45.6,11.11
791,218,220,77.1,11.11
792,218,223,224.8,11.11
793,218,541,74.3,11.11
794,219,220,65.0,11.11
795,219,223,183.4,11.11
796,219,541,109.1,11.11
797,220,221,50.1,11.11
798,220,223,167.7,11.11
799,221,222,87.7,11.11
800,221,223,125.2,11.11
801,222,223,115.1,11.11
802,223,228,433.4,11.11
803,223,540,111.3,11.11
804,223,541,292.3,11.11
805,224,225,106.2,11.11
806,224,226,101.4,11.11
807,224,233,151.8,11.11
808,224,540,23.1,11.11
809,225,226,82.9,11.11
810,225,228,338.0,11.11
811,225,229,141.8,11.11
812,225,230,93.4,11.11
813,225,232,117.2,11.11
814,225,233,160.7,11.11
815,226,227,122.3,11.11
816,226,228,303.6,11.11
817,226,540,102.2,11.11
818,227,228,194.9,11.11
819,227,540,216.2,11.11
820,228,229,275.3,11.11
821,228,231,376.7,11.11
822,228,235,864.5,11.11
823,228,540,404.6,11.11
824,228,541,512.4,11.11
825,228,546,300.3,11.11
826,228,606,766.5,11.11
827,229,230,61.3,11.11
828,229,231,101.7,11.11
829,230,231,68.8,11.11
830,230,232,112.7,11.11
831,231,232,94.9,11.11
832,231,546,505.9,11.11
833,232,233,97.9,11.11
834,232,546,592.3,11.11
835,233,540,172.8,11.11
836,233,546,684.8,11.11
837,234,235,628.5,11.11
838,234,544,1371.5,11.11
839,234,546,633.6,11.11
840,235,236,906.1,11.11
841,235,546,732.0,11.11
842,235,603,787.6,11.11
843,235,604,729.0,11.11
844,235,605,776.7,11.11
845,235,606,1188.9,11.11
846,235,607,1099.2,11.11
847,236,605,139.7,11.11
848,236,606,295.0,11.11
849,237,238,84.1,11.11
850,237,602,172.2,11.11
851,237,607,562.9,11.11
852,238,243,115.3,11.11
853,238,244,149.5,11.11
854,238,607,646.0,11.11
855,239,240,64.4,11.11
856,239,242,135.5,11.11
857,239,243,100.6,11.11
858,240,241,48.3,11.11
859,240,242,107.3,11.11
860,240,243,112.0,11.11
861,241,242,89.5,11.11
862,242,243,217.2,11.11
863,243,244,100.1,11.11
864,244,245,158.1,11.11
865,244,607,731.2,11.11
866,246,247,145.7,11.11
867,246,248,126.3,11.11
868,246,249,147.7,11.11
869,246,250,235.9,11.11
870,246,253,342.2,11.11
871,246,254,302.8,11.11
872,247,253,350.0,11.11
873,247,254,250.4,11.11
874,247,256,139.8,11.11
875,247,257,87.8,11.11
876,248,249,119.0,11.11
877,248,250,116.9,11.11
878,248,253,216.4,11.11
879,249,250,148.5,11.11
880,249,251,177.8,11.11
881,250,251,173.1,11.11
882,250,252,122.7,11.11
883,250,253,115.4,11.11
884,251,252,116.6,11.11
885,252,253,122.7,11.11
886,253,254,147.7,11.11
887,254,255,108.0,11.11
888,254,256,112.0,11.11
889,254,257,174.1,11.11
890,256,257,63.4,11.11
891,258,547,295.6,11.11
892,259,260,129.6,11.11
893,259,547,179.1,11.11
894,261,262,79.4,11.11
895,261,263,137.2,11.11
896,261,264,106.3,11.11
897,261,270,186.6,11.11
898,262,263,113.4,11.11
899,262,270,117.0,11.11
900,263,264,129.5,11.11
901,263,266,107.9,11.11
902,263,268,140.5,11.11
903,263,270,104.9,11.11
904,263,548,117.9,11.11
905,264,548,85.4,11.11
906,265,266,111.8,11.11
907,265,548,107.0,11.11
908,266,267,104.8,11.11
909,266,268,125.0,11.11
910,266,548,95.3,11.11
911,267,268,124.6,11.11
912,267,269,199.0,11.11
913,268,269,99.1,11.11
914,268,270,134.7,11.11
915,269,270,171.1,11.11
916,269,271,123.0,11.11
917,269,476,423.1,11.11
918,271,272,154.0,11.11
919,271,476,376.7,11.11
920,271,536,223.7,11.11
921,272,273,129.2,11.11
922,272,277,144.1,11.11
923,272,476,344.0,11.11
924,272,535,92.5,11.11
925,272,536,115.0,11.11
926,273,274,66.1,11.11
927,273,275,150.1,11.11
928,273,277,114.3,11.11
929,273,476,223.5,11.11
930,274,275,88.4,11.11
931,274,276,80.3,11.11
932,274,277,94.3,11.11
933,275,276,81.8,11.11
934,275,278,172.4,11.11
935,275,279,200.0,11.11
936,275,307,209.5,11.11
937,275,308,134.8,11.11
938,275,476,204.3,11.11
939,275,532,173.5,11.11
940,275,543,178.8,11.11
941,276,277,89.3,11.11
942,276,278,91.1,11.11
943,277,278,84.1,11.11
944,277,280,112.3,11.11
945,277,535,84.1,11.11
946,278,279,53.0,11.11
947,278,280,110.5,11.11
948,279,280,138.9,11.11
949,279,281,110.1,11.11
950,279,282,78.5,11.11
951,279,532,119.0,11.11
952,280,281,107.3,11.11
953,280,291,331.8,11.11
954,280,534,86.0,11.11
955,280,535,82.3,11.11
956,281,282,131.3,11.11
957,281,283,117.5,11.11
958,281,291,235.8,11.11
959,281,534,153.7,11.11
960,282,283,128.7,11.11
961,282,284,93.7,11.11
962,282,285,148.2,11.11
963,282,532,111.4,11.11
964,282,533,102.5,11.11
965,283,284,109.5,11.11
966,283,286,209.2,11.11
967,283,288,155.5,11.11
968,283,289,126.2,11.11
969,283,290,123.4,11.11
970,283,291,152.7,11.11
971,284,285,96.5,11.11
972,284,286,119.7,11.11
973,284,533,118.9,11.11
974,285,286,89.8,11.11
975,285,303,164.4,11.11
976,285,304,150.6,11.11
977,285,306,104.7,11.11
978,285,533,87.1,11.11
979,286,287,98.3,11.11
980,286,288,128.1,11.11
981,286,298,117.4,11.11
982,286,303,166.4,11.11
983,286,304,193.0,11.11
984,287,288,80.4,11.11
985,287,292,139.6,11.11
986,287,297,107.8,11.11
987,287,298,91.0,11.11
988,288,289,57.6,11.11
989,288,292,124.8,11.11
990,289,290,57.1,11.11
991,289,291,111.8,11.11
992,289,292,130.8,11.11
993,290,291,55.2,11.11
994,291,292,185.4,11.11
995,291,293,298.9,11.11
996,291,294,375.5,11.11
997,291,534,332.1,11.11
998,291,536,425.5,11.11
999,292,293,141.2,11.11
1000,292,297,124.4,11.11
1001,293,294,85.5,11.11
1002,293,295,150.2,11.11
1003,293,297,176.4,11.11
1004,294,295,148.3,11.11
1005,294,339,175.5,11.11
1006,294,340,95.6,11.11
1007,294,342,352.4,11.11
1008,295,296,107.8,11.11
1009,295,297,178.7,11.11
1010,295,323,115.7,11.11
1011,295,325,157.3,11.11
1012,295,338,149.0,11.11
1013,295,339,190.9,11.11
1014,295,340,150.1,11.11
1015,296,297,77.0,11.11
1016,296,298,167.8,11.11
1017,296,323,126.5,11.11
1018,296,324,110.1,11.11
1019,297,298,116.6,11.11
1020,297,324,132.3,11.11
1021,298,299,56.1,11.11
1022,298,303,178.8,11.11
1023,298,324,129.8,11.11
1024,299,300,71.3,11.11
1025,299,303,169.2,11.11
1026,299,324,97.5,11.11
1027,300,301,103.5,11.11
1028,300,302,83.0,11.11
1029,300,303,171.0,11.11
1030,300,316,129.5,11.11
1031,300,321,131.6,11.11
1032,300,322,160.2,11.11
1033,300,324,107.8,11.11
1034,301,302,70.2,11.11
1035,301,303,72.0,11.11
1036,302,303,109.3,11.11
1037,302,313,180.7,11.11
1038,302,315,70.8,11.11
1039,302,316,131.5,11.11
1040,303,304,78.3,11.11
1041,303,312,196.0,11.11
1042,303,313,180.0,11.11
1043,303,315,130.5,11.11
1044,304,305,98.5,11.11
1045,304,306,117.4,11.11
1046,304,312,170.8,11.11
1047,305,306,129.4,11.11
1048,305,307,127.1,11.11
1049,305,309,101.2,11.11
1050,305,312,150.0,11.11
1051,306,307,99.3,11.11
1052,306,532,120.4,11.11
1053,306,533,74.8,11.11
1054,307,308,74.7,11.11
1055,307,309,180.7,11.11
1056,307,532,122.7,11.11
1057,307,543,161.7,11.11
1058,308,532,104.4,11.11
1059,308,543,132.0,11.11
1060,309,310,157.4,11.11
1061,309,311,215.4,11.11
1062,309,312,142.9,11.11
1063,309,543,225.8,11.11
1064,309,551,173.5,11.11
1065,309,588,128.2,11.11
1066,310,311,79.5,11.11
1067,310,473,146.0,11.11
1068,310,584,219.1,11.11
1069,310,588,86.5,11.11
1070,311,312,133.0,11.11
1071,311,313,157.9,11.11
1072,311,448,192.3,11.11
1073,311,459,133.2,11.11
1074,311,473,107.6,11.11
1075,312,313,80.8,11.11
1076,312,459,193.6,11.11
1077,313,314,83.3,11.11
1078,313,315,115.7,11.11
1079,313,459,152.6,11.11
1080,314,315,93.7,11.11
1081,314,316,161.2,11.11
1082,314,317,128.0,11.11
1083,314,458,176.7,11.11
1084,314,459,137.3,11.11
1085,315,316,131.7,11.11
1086,316,317,71.2,11.11
1087,316,318,148.8,11.11
1088,316,319,94.8,11.11
1089,316,321,103.8,11.11
1090,317,318,102.3,11.11
1091,317,458,153.6,11.11
1092,318,319,117.0,11.11
1093,318,320,147.1,11.11
1094,318,456,84.5,11.11
1095,318,458,138.2,11.11
1096,318,625,155.4,11.11
1097,318,626,259.5,11.11
1098,319,320,76.5,11.11
1099,319,321,82.2,11.11
1100,319,456,124.3,11.11
1101,320,321,124.5,11.11
1102,320,456,103.1,11.11
1103,320,457,70.1,11.11
1104,321,322,76.2,11.11
1105,321,326,170.1,11.11
1106,321,457,170.2,11.11
1107,322,323,94.2,11.11
1108,322,324,107.9,11.11
1109,322,326,135.0,11.11
1110,322,457,173.2,11.11
1111,323,324,124.7,11.11
1112,323,325,97.6,11.11
1113,323,326,156.0,11.11
1114,325,326,110.0,11.11
1115,325,327,89.2,11.11
1116,325,338,102.9,11.11
1117,326,327,107.0,11.11
1118,326,328,116.0,11.11
1119,326,329,120.1,11.11
1120,326,457,85.0,11.11
1121,327,328,84.1,11.11
1122,327,333,155.1,11.11
1123,327,335,163.0,11.11
1124,327,336,122.3,11.11
1125,327,338,130.8,11.11
1126,328,329,69.5,11.11
1127,328,331,117.9,11.11
1128,328,332,93.4,11.11
1129,328,333,109.7,11.11
1130,329,330,49.3,11.11
1131,329,331,93.3,11.11
1132,329,332,108.9,11.11
1133,329,457,102.1,11.11
1134,330,331,101.7,11.11
1135,330,457,96.6,11.11
1136,330,626,197.0,11.11
1137,331,332,59.9,11.11
1138,331,334,193.9,11.11
1139,331,626,237.8,11.11
1140,332,333,60.8,11.11
1141,332,334,150.7,11.11
1142,332,626,297.1,11.11
1143,333,334,115.8,11.11
1144,333,335,103.2,11.11
1145,334,335,143.4,11.11
1146,334,342,408.3,11.11
1147,334,461,263.2,11.11
1148,334,556,344.3,11.11
1149,334,561,145.1,11.11
1150,334,611,358.6,11.11
1151,334,626,418.7,11.11
1152,334,627,343.4,11.11
1153,335,336,53.5,11.11
1154,335,337,136.1,11.11
1155,335,341,170.3,11.11
1156,335,342,302.4,11.11
1157,336,337,88.9,11.11
1158,336,338,149.4,11.11
1159,337,338,81.2,11.11
1160,337,339,135.4,11.11
1161,337,341,84.5,11.11
1162,337,342,249.6,11.11
1163,338,339,130.8,11.11
1164,338,340,164.0,11.11
1165,339,340,79.9,11.11
1166,339,341,113.2,11.11
1167,339,342,206.4,11.11
1168,340,342,268.0,11.11
1169,341,342,165.1,11.11
1170,341,343,83.0,11.11
1171,342,343,170.7,11.11
1172,342,561,470.5,11.11
1173,342,611,212.9,11.11
1174,344,345,193.8,11.11
1175,344,346,240.5,11.11
1176,344,561,263.3,11.11
1177,344,566,107.8,11.11
1178,344,609,144.4,11.11
1179,344,610,206.7,11.11
1180,344,611,383.8,11.11
1181,345,346,99.4,11.11
1182,345,349,120.9,11.11
1183,345,560,133.9,11.11
1184,345,566,132.5,11.11
1185,346,347,91.7,11.11
1186,346,348,164.6,11.11
1187,346,349,132.8,11.11
1188,346,608,131.5,11.11
1189,346,609,206.4,11.11
1190,347,348,113.1,11.11
1191,347,363,130.1,11.11
1192,347,364,168.4,11.11
1193,347,608,175.3,11.11
1194,348,349,98.5,11.11
1195,348,351,165.5,11.11
1196,348,354,169.0,11.11
1197,348,362,133.3,11.11
1198,348,363,95.5,11.11
1199,349,350,82.3,11.11
1200,349,351,150.0,11.11
1201,349,560,148.1,11.11
1202,350,351,123.1,11.11
1203,350,560,87.5,11.11
1204,351,352,113.5,11.11
1205,351,353,151.9,11.11
1206,351,354,137.6,11.11
1207,351,362,191.3,11.11
1208,351,557,190.8,11.11
1209,351,558,242.2,11.11
1210,351,560,202.2,11.11
1211,351,628,156.1,11.11
1212,352,353,120.4,11.11
1213,352,463,432.0,11.11
1214,352,557,157.2,11.11
1215,352,628,75.1,11.11
1216,352,629,186.6,11.11
1217,353,354,123.6,11.11
1218,353,355,149.4,11.11
1219,353,463,352.9,11.11
1220,354,355,139.3,11.11
1221,354,356,170.4,11.11
1222,354,362,86.0,11.11
1223,355,356,109.7,11.11
1224,355,357,167.1,11.11
1225,355,463,330.4,11.11
1226,355,464,148.1,11.11
1227,356,357,106.7,11.11
1228,356,358,146.5,11.11
1229,356,360,149.6,11.11
1230,356,361,130.1,11.11
1231,356,362,154.3,11.11
1232,357,358,75.1,11.11
1233,357,463,393.2,11.11
1234,357,464,185.7,11.11
1235,358,359,66.3,11.11
1236,358,360,158.3,11.11
1237,358,463,463.6,11.11
1238,359,360,186.9,11.11
1239,359,364,384.5,11.11
1240,359,365,229.2,11.11
1241,359,463,511.2,11.11
1242,359,568,190.4,11.11
1243,360,361,93.1,11.11
1244,360,364,199.3,11.11
1245,360,365,377.8,11.11
1246,361,362,104.3,11.11
1247,361,363,131.0,11.11
1248,361,364,163.4,11.11
1249,362,363,111.1,11.11
1250,363,364,112.0,11.11
1251,364,365,548.4,11.11
1252,364,608,296.4,11.11
1253,365,366,512.9,11.11
1254,365,567,539.8,11.11
1255,365,568,108.3,11.11
1256,366,367,93.1,11.11
1257,366,368,172.2,11.11
1258,366,369,242.9,11.11
1259,366,567,256.5,11.11
1260,367,368,79.2,11.11
1261,367,369,208.3,11.11
1262,368,369,213.5,11.11
1263,368,370,300.9,11.11
1264,368,531,397.3,11.11
1265,369,370,164.3,11.11
1266,369,567,273.0,11.11
1267,370,466,880.1,11.11
1268,370,467,431.2,11.11
1269,370,531,327.5,11.11
1270,370,567,425.2,11.11
1271,370,569,311.5,11.11
1272,370,570,265.6,11.11
1273,371,372,115.0,11.11
1274,371,373,161.3,11.11
1275,371,472,199.3,11.11
1276,371,569,181.4,11.11
1277,371,570,118.3,11.11
1278,372,373,151.6,11.11
1279,372,374,217.5,11.11
1280,372,570,146.7,11.11
1281,373,374,117.2,11.11
1282,373,375,136.5,11.11
1283,373,376,228.4,11.11
1284,373,472,104.4,11.11
1285,374,375,98.3,11.11
1286,374,377,239.7,11.11
1287,374,379,380.6,11.11
1288,374,531,704.9,11.11
1289,374,570,356.6,11.11
1290,375,376,118.4,11.11
1291,375,377,160.4,11.11
1292,376,377,105.9,11.11
1293,376,378,156.7,11.11
1294,376,380,125.3,11.11
1295,376,472,172.5,11.11
1296,377,378,139.7,11.11
1297,377,379,141.5,11.11
1298,378,379,75.3,11.11
1299,378,380,145.9,11.11
1300,379,380,219.7,11.11
1301,379,381,262.5,11.11
1302,379,382,284.6,11.11
1303,379,386,339.9,11.11
1304,380,381,103.3,11.11
1305,380,470,168.3,11.11
1306,380,471,168.7,11.11
1307,380,472,218.3,11.11
1308,381,382,55.1,11.11
1309,381,466,610.3,11.11
1310,381,470,148.5,11.11
1311,382,383,101.4,11.11
1312,382,386,270.0,11.11
1313,382,389,277.2,11.11
1314,382,466,577.1,11.11
1315,382,470,179.1,11.11
1316,383,384,85.7,11.11
1317,383,386,169.1,11.11
1318,383,389,237.0,11.11
1319,384,385,79.2,11.11
1320,384,386,112.6,11.11
1321,384,389,191.4,11.11
1322,385,386,114.6,11.11
1323,385,387,75.4,11.11
1324,385,389,167.7,11.11
1325,386,387,158.9,11.11
1326,386,388,217.6,11.11
1327,386,389,279.4,11.11
1328,386,390,338.8,11.11
1329,386,597,446.8,11.11
1330,387,388,73.3,11.11
1331,387,389,177.8,11.11
1332,388,389,216.3,11.11
1333,389,390,266.0,11.11
1334,389,466,392.8,11.11
1335,389,573,291.3,11.11
1336,389,597,471.9,11.11
1337,390,573,164.1,11.11
1338,390,597,213.7,11.11
1339,391,392,133.7,11.11
1340,391,393,125.4,11.11
1341,391,571,98.3,11.11
1342,391,572,129.1,11.11
1343,391,594,180.2,11.11
1344,391,595,177.4,11.11
1345,392,393,146.6,11.11
1346,392,594,75.6,11.11
1347,392,596,122.9,11.11
1348,393,394,92.8,11.11
1349,393,395,128.4,11.11
1350,393,572,166.3,11.11
1351,393,596,235.5,11.11
1352,394,395,138.6,11.11
1353,394,396,535.7,11.11
1354,394,397,451.1,11.11
1355,394,417,133.3,11.11
1356,394,420,433.7,11.11
1357,394,596,280.7,11.11
1358,395,396,447.1,11.11
1359,395,572,106.4,11.11
1360,396,397,272.2,11.11
1361,396,417,618.6,11.11
1362,396,463,593.7,11.11
1363,396,466,544.4,11.11
1364,396,572,488.4,11.11
1365,396,578,625.6,11.11
1366,396,583,620.8,11.11
1367,397,398,161.8,11.11
1368,397,399,160.8,11.11
1369,397,400,231.1,11.11
1370,397,415,436.7,11.11
1371,397,417,475.9,11.11
1372,397,438,449.5,11.11
1373,397,526,294.9,11.11
1374,397,527,338.4,11.11
1375,397,528,298.5,11.11
1376,397,578,450.9,11.11
1377,398,399,47.8,11.11
1378,399,400,73.6,11.11
1379,399,438,336.2,11.11
1380,399,527,220.9,11.11
1381,399,528,213.1,11.11
1382,399,529,261.3,11.11
1383,400,401,102.4,11.11
1384,400,402,121.6,11.11
1385,400,438,277.8,11.11
1386,400,527,216.0,11.11
1387,400,529,226.1,11.11
1388,401,402,125.5,11.11
1389,401,403,147.4,11.11
1390,401,404,119.2,11.11
1391,401,529,182.4,11.11
1392,401,530,118.9,11.11
1393,402,403,128.8,11.11
1394,402,438,158.5,11.11
1395,403,404,83.8,11.11
1396,403,405,136.1,11.11
1397,403,437,84.1,11.11
1398,403,438,114.1,11.11
1399,404,405,95.8,11.11
1400,404,406,119.5,11.11
1401,404,530,156.4,11.11
1402,405,406,143.5,11.11
1403,405,407,103.0,11.11
1404,405,432,209.9,11.11
1405,405,436,131.0,11.11
1406,405,437,158.6,11.11
1407,406,407,132.7,11.11
1408,406,408,77.8,11.11
1409,406,530,97.7,11.11
1410,407,408,144.2,11.11
1411,407,409,166.3,11.11
1412,407,410,236.3,11.11
1413,407,430,153.1,11.11
1414,407,432,180.3,11.11
1415,408,410,106.6,11.11
1416,408,529,175.7,11.11
1417,408,530,136.4,11.11
1418,409,410,120.1,11.11
1419,409,423,102.9,11.11
1420,409,424,188.5,11.11
1421,409,430,199.9,11.11
1422,409,431,128.0,11.11
1423,410,411,109.4,11.11
1424,410,412,129.3,11.11
1425,410,421,196.6,11.11
1426,410,423,178.0,11.11
1427,410,430,314.7,11.11
1428,410,529,190.3,11.11
1429,411,412,155.8,11.11
1430,411,413,157.7,11.11
1431,411,421,124.7,11.11
1432,412,413,127.8,11.11
1433,412,415,147.0,11.11
1434,412,421,279.3,11.11
1435,412,527,183.1,11.11
1436,412,529,128.6,11.11
1437,413,414,99.5,11.11
1438,413,415,178.7,11.11
1439,413,417,280.3,11.11
1440,413,419,212.5,11.11
1441,413,420,235.4,11.11
1442,413,421,267.8,11.11
1443,413,549,572.9,11.11
1444,413,550,485.9,11.11
1445,414,415,128.7,11.11
1446,414,416,122.4,11.11
1447,414,417,182.6,11.11
1448,415,416,110.2,11.11
1449,415,417,171.4,11.11
1450,415,526,157.0,11.11
1451,415,527,120.4,11.11
1452,416,417,68.0,11.11
1453,416,418,73.1,11.11
1454,417,418,68.0,11.11
1455,417,419,265.8,11.11
1456,417,420,323.7,11.11
1457,417,526,193.1,11.11
1458,417,596,281.6,11.11
1459,419,420,58.0,11.11
1460,420,549,539.5,11.11
1461,420,596,320.5,11.11
1462,421,422,109.9,11.11
1463,421,423,122.0,11.11
1464,421,425,230.7,11.11
1465,421,426,302.7,11.11
1466,421,550,236.3,11.11
1467,422,423,85.0,11.11
1468,422,424,137.9,11.11
1469,422,425,121.6,11.11
1470,422,426,193.7,11.11
1471,423,424,134.0,11.11
1472,423,431,156.8,11.11
1473,424,425,98.2,11.11
1474,424,426,132.5,11.11
1475,424,427,153.3,11.11
1476,424,428,158.5,11.11
1477,424,429,89.6,11.11
1478,424,431,125.2,11.11
1479,425,426,72.1,11.11
1480,426,427,119.4,11.11
1481,426,428,188.4,11.11
1482,426,433,269.7,11.11
1483,426,434,513.7,11.11
1484,426,550,228.9,11.11
1485,427,428,84.6,11.11
1486,427,433,154.3,11.11
1487,428,429,70.0,11.11
1488,428,430,147.5,11.11
1489,428,433,86.8,11.11
1490,429,430,128.7,11.11
1491,429,431,129.5,11.11
1492,430,431,78.1,11.11
1493,430,432,116.4,11.11
1494,430,433,174.5,11.11
1495,432,433,180.7,11.11
1496,432,434,222.1,11.11
1497,432,436,176.9,11.11
1498,433,434,244.8,11.11
1499,434,435,236.4,11.11
1500,434,436,290.5,11.11
1501,434,438,472.1,11.11
1502,434,477,270.6,11.11
1503,434,542,1026.4,11.11
1504,434,550,732.7,11.11
1505,434,577,549.1,11.11
1506,434,578,659.1,11.11
1507,434,598,351.1,11.11
1508,434,600,560.9,11.11
1509,435,436,76.0,11.11
1510,435,438,236.3,11.11
1511,436,437,137.9,11.11
1512,436,438,204.0,11.11
1513,437,438,70.7,11.11
1514,438,578,251.2,11.11
1515,438,598,511.9,11.11
1516,439,440,113.9,11.11
1517,439,442,186.3,11.11
1518,439,579,117.6,11.11
1519,439,580,138.3,11.11
1520,439,581,151.3,11.11
1521,440,441,103.1,11.11
1522,440,442,153.9,11.11
1523,440,581,56.4,11.11
1524,441,442,64.9,11.11
1525,441,443,180.4,11.11
1526,441,445,227.2,11.11
1527,441,451,129.7,11.11
1528,441,455,389.4,11.11
1529,441,581,147.5,11.11
1530,442,443,132.3,11.11
1531,442,444,106.7,11.11
1532,442,580,72.0,11.11
1533,443,444,80.3,11.11
1534,443,445,94.2,11.11
1535,443,451,193.7,11.11
1536,443,579,248.1,11.11
1537,443,586,212.2,11.11
1538,443,601,563.9,11.11
1539,444,579,177.7,11.11
1540,444,580,124.9,11.11
1541,445,446,142.5,11.11
1542,445,447,106.7,11.11
1543,445,451,179.3,11.11
1544,445,453,80.5,11.11
1545,445,586,188.3,11.11
1546,446,447,118.4,11.11
1547,446,448,155.1,11.11
1548,446,473,151.5,11.11
1549,446,474,72.9,11.11
1550,446,584,182.6,11.11
1551,446,586,152.6,11.11
1552,447,448,104.4,11.11
1553,447,449,148.7,11.11
1554,447,450,163.5,11.11
1555,447,451,188.2,11.11
1556,447,453,119.1,11.11
1557,447,473,206.3,11.11
1558,447,586,242.4,11.11
1559,448,449,113.3,11.11
1560,448,459,126.3,11.11
1561,448,473,145.6,11.11
1562,449,450,83.8,11.11
1563,449,458,127.0,11.11
1564,449,459,164.6,11.11
1565,450,451,136.1,11.11
1566,450,452,106.8,11.11
1567,450,453,170.3,11.11
1568,450,454,168.1,11.11
1569,450,455,387.7,11.11
1570,450,458,183.0,11.11
1571,451,452,151.9,11.11
1572,451,453,98.8,11.11
1573,451,454,108.8,11.11
1574,451,455,370.8,11.11
1575,451,581,216.4,11.11
1576,452,454,103.2,11.11
1577,452,455,281.2,11.11
1578,454,455,262.0,11.11
1579,455,458,476.8,11.11
1580,455,462,235.9,11.11
1581,455,463,845.5,11.11
1582,455,556,448.8,11.11
1583,455,581,272.4,11.11
1584,455,583,218.8,11.11
1585,455,625,339.9,11.11
1586,455,626,282.4,11.11
1587,455,627,296.6,11.11
1588,456,457,146.8,11.11
1589,456,625,171.1,11.11
1590,456,626,191.0,11.11
1591,457,626,249.1,11.11
1592,458,459,153.5,11.11
1593,458,625,142.2,11.11
1594,459,473,170.4,11.11
1595,460,461,109.0,11.11
1596,460,462,108.6,11.11
1597,460,627,58.8,11.11
1598,461,462,202.2,11.11
1599,461,556,147.3,11.11
1600,461,561,285.7,11.11
1601,461,627,117.8,11.11
1602,462,463,735.9,11.11
1603,462,556,213.8,11.11
1604,462,627,158.3,11.11
1605,463,464,209.9,11.11
1606,463,465,245.3,11.11
1607,463,466,620.7,11.11
1608,463,556,721.0,11.11
1609,463,567,722.1,11.11
1610,463,568,591.3,11.11
1611,463,578,1022.9,11.11
1612,463,583,745.1,11.11
1613,463,629,528.5,11.11
1614,464,465,70.2,11.11
1615,466,467,472.7,11.11
1616,466,468,467.8,11.11
1617,466,470,562.5,11.11
1618,466,567,654.5,11.11
1619,466,572,507.1,11.11
1620,466,573,417.1,11.11
1621,467,468,121.3,11.11
1622,467,469,123.5,11.11
1623,467,569,242.7,11.11
1624,468,469,66.3,11.11
1625,468,470,143.7,11.11
1626,469,470,140.8,11.11
1627,469,471,174.9,11.11
1628,469,569,187.9,11.11
1629,470,471,124.2,11.11
1630,470,569,267.6,11.11
1631,471,472,127.8,11.11
1632,471,569,191.1,11.11
1633,472,569,217.5,11.11
1634,473,474,98.4,11.11
1635,473,475,106.7,11.11
1636,473,584,154.0,11.11
1637,474,475,49.8,11.11
1638,474,584,117.5,11.11
1639,475,584,68.0,11.11
1640,476,543,237.5,11.11
1641,476,551,396.1,11.11
1642,476,601,720.3,11.11
1643,477,478,34.9,11.11
1644,477,479,92.9,11.11
1645,477,480,178.8,11.11
1646,477,481,163.1,11.11
1647,477,482,121.4,11.11
1648,477,523,363.3,11.11
1649,477,525,320.3,11.11
1650,477,542,841.7,11.11
1651,477,550,804.4,11.11
1652,477,577,533.3,11.11
1653,477,600,507.0,11.11
1654,477,615,335.1,11.11
1655,477,617,316.0,11.11
1656,478,479,81.5,11.11
1657,478,481,181.0,11.11
1658,478,482,151.8,11.11
1659,479,480,93.1,11.11
1660,479,481,134.2,11.11
1661,480,481,115.9,11.11
1662,480,525,149.3,11.11
1663,481,482,86.3,11.11
1664,481,483,125.5,11.11
1665,481,484,220.6,11.11
1666,481,485,262.0,11.11
1667,481,525,191.8,11.11
1668,481,615,216.3,11.11
1669,481,617,292.9,11.11
1670,483,484,95.2,11.11
1671,483,485,152.0,11.11
1672,483,615,129.6,11.11
1673,484,485,91.2,11.11
1674,484,613,159.6,11.11
1675,484,614,106.2,11.11
1676,484,615,129.4,11.11
1677,485,486,148.3,11.11
1678,485,487,194.9,11.11
1679,485,518,294.8,11.11
1680,485,525,214.6,11.11
1681,485,612,335.6,11.11
1682,485,613,183.1,11.11
1683,485,614,177.6,11.11
1684,486,487,105.4,11.11
1685,486,488,137.1,11.11
1686,486,518,363.2,11.11
1687,486,523,210.0,11.11
1688,486,525,144.0,11.11
1689,487,488,124.8,11.11
1690,487,494,203.0,11.11
1691,487,518,302.0,11.11
1692,487,519,155.7,11.11
1693,487,520,164.2,11.11
1694,488,489,106.7,11.11
1695,488,490,96.7,11.11
1696,488,494,163.9,11.11
1697,488,520,226.8,11.11
1698,488,523,221.4,11.11
1699,488,525,225.0,11.11
1700,489,490,100.2,11.11
1701,489,523,132.9,11.11
1702,489,524,110.3,11.11
1703,489,574,81.1,11.11
1704,490,491,70.1,11.11
1705,490,494,165.0,11.11
1706,490,574,142.9,11.11
1707,491,492,81.3,11.11
1708,491,494,188.4,11.11
1709,491,574,159.4,11.11
1710,491,575,169.8,11.11
1711,491,577,159.2,11.11
1712,492,493,119.5,11.11
1713,492,494,180.9,11.11
1714,492,577,226.0,11.11
1715,493,494,113.5,11.11
1716,493,495,128.5,11.11
1717,493,577,334.0,11.11
1718,494,495,138.9,11.11
1719,494,497,152.7,11.11
1720,494,520,155.4,11.11
1721,495,496,106.6,11.11
1722,495,497,91.7,11.11
1723,495,577,450.7,11.11
1724,496,497,189.2,11.11
1725,496,498,281.0,11.11
1726,496,521,512.4,11.11
1727,496,549,570.5,11.11
1728,496,550,567.6,11.11
1729,496,577,490.5,11.11
1730,497,498,124.8,11.11
1731,497,520,134.3,11.11
1732,498,499,101.5,11.11
1733,498,520,177.9,11.11
1734,498,521,295.1,11.11
1735,499,500,85.6,11.11
1736,499,501,139.4,11.11
1737,499,519,209.6,11.11
1738,499,520,173.6,11.11
1739,499,521,297.5,11.11
1740,500,501,154.1,11.11
1741,500,518,164.4,11.11
1742,500,519,171.7,11.11
1743,500,623,149.7,11.11
1744,501,502,264.3,11.11
1745,501,503,237.8,11.11
1746,501,521,182.4,11.11
1747,501,623,120.7,11.11
1748,502,503,89.9,11.11
1749,502,506,223.4,11.11
1750,502,507,237.2,11.11
1751,502,521,233.4,11.11
1752,502,618,203.4,11.11
1753,502,620,165.2,11.11
1754,502,621,93.1,11.11
1755,502,622,177.7,11.11
1756,502,623,244.7,11.11
1757,503,504,149.9,11.11
1758,503,505,138.5,11.11
1759,503,506,222.2,11.11
1760,503,521,152.8,11.11
1761,504,505,85.9,11.11
1762,504,506,74.2,11.11
1763,505,506,145.3,11.11
1764,505,521,213.6,11.11
1765,506,507,149.5,11.11
1766,506,521,345.9,11.11
1767,506,522,497.4,11.11
1768,507,522,474.8,11.11
1769,507,618,103.8,11.11
1770,507,619,230.6,11.11
1771,508,509,28.7,11.11
1772,508,510,148.2,11.11
1773,508,511,119.0,11.11
1774,508,512,213.8,11.11
1775,508,514,353.0,11.11
1776,508,552,424.9,11.11
1777,508,553,362.0,11.11
1778,508,555,246.3,11.11
1779,508,619,560.5,11.11
1780,508,624,279.9,11.11
1781,509,510,121.1,11.11
1782,509,511,114.7,11.11
1783,510,511,130.9,11.11
1784,510,512,166.3,11.11
1785,510,513,185.1,11.11
1786,510,554,208.8,11.11
1787,511,554,153.2,11.11
1788,511,555,143.1,11.11
1789,512,513,125.0,11.11
1790,512,514,178.5,11.11
1791,513,514,251.6,11.11
1792,513,554,365.7,11.11
1793,514,515,171.1,11.11
1794,514,516,151.9,11.11
1795,514,517,156.5,11.11
1796,514,542,727.1,11.11
1797,514,624,514.1,11.11
1798,515,516,141.8,11.11
1799,516,517,149.6,11.11
1800,517,542,571.6,11.11
1801,518,519,153.1,11.11
1802,518,612,212.7,11.11
1803,518,623,224.7,11.11
1804,518,624,477.5,11.11
1805,519,520,148.7,11.11
1806,521,522,839.8,11.11
1807,523,524,47.3,11.11
1808,523,525,112.2,11.11
1809,523,574,124.7,11.11
1810,523,577,184.9,11.11
1811,524,574,80.1,11.11
1812,526,527,124.0,11.11
1813,526,528,53.2,11.11
1814,527,528,72.5,11.11
1815,527,529,101.7,11.11
1816,529,530,85.9,11.11
1817,531,570,368.4,11.11
1818,532,533,79.1,11.11
1819,534,535,119.8,11.11
1820,534,536,93.4,11.11
1821,535,536,104.2,11.11
1822,535,537,73.4,11.11
1823,536,537,32.7,11.11
1824,538,539,90.4,11.11
1825,540,541,396.2,11.11
1826,540,546,651.7,11.11
1827,541,606,395.2,11.11
1828,542,600,557.4,11.11
1829,542,601,700.2,11.11
1830,542,617,602.1,11.11
1831,542,624,815.3,11.11
1832,543,551,203.5,11.11
1833,543,588,296.7,11.11
1834,543,601,599.1,11.11
1835,549,550,257.6,11.11
1836,549,577,531.7,11.11
1837,550,577,313.0,11.11
1838,551,587,86.7,11.11
1839,551,588,136.8,11.11
1840,551,601,408.0,11.11
1841,552,553,111.2,11.11
1842,552,554,184.4,11.11
1843,553,554,188.3,11.11
1844,553,555,115.8,11.11
1845,554,555,133.2,11.11
1846,556,557,185.6,11.11
1847,556,558,144.8,11.11
1848,556,559,215.3,11.11
1849,556,560,266.4,11.11
1850,556,561,299.2,11.11
1851,556,562,235.3,11.11
1852,556,564,272.6,11.11
1853,556,629,192.9,11.11
1854,557,558,94.6,11.11
1855,557,560,175.2,11.11
1856,557,628,91.9,11.11
1857,557,629,113.8,11.11
1858,558,559,78.6,11.11
1859,558,560,127.0,11.11
1860,559,560,51.2,11.11
1861,560,562,171.2,11.11
1862,560,564,92.8,11.11
1863,560,566,167.6,11.11
1864,561,562,139.0,11.11
1865,561,563,104.9,11.11
1866,561,566,225.3,11.11
1867,561,611,350.5,11.11
1868,562,563,104.2,11.11
1869,562,564,93.5,11.11
1870,562,565,105.7,11.11
1871,562,566,133.8,11.11
1872,563,565,110.8,11.11
1873,563,566,126.5,11.11
1874,564,565,71.0,11.11
1875,564,566,90.0,11.11
1876,565,566,28.2,11.11
1877,567,568,473.6,11.11
1878,569,570,257.9,11.11
1879,571,572,165.3,11.11
1880,571,573,143.6,11.11
1881,571,595,178.8,11.11
1882,571,597,232.4,11.11
1883,572,573,203.6,11.11
1884,573,597,327.2,11.11
1885,574,575,50.8,11.11
1886,574,577,73.0,11.11
1887,575,576,48.6,11.11
1888,575,577,28.1,11.11
1889,576,577,22.8,11.11
1890,578,579,268.1,11.11
1891,578,581,356.8,11.11
1892,578,582,290.6,11.11
1893,578,583,409.7,11.11
1894,578,598,558.9,11.11
1895,578,601,1033.3,11.11
1896,579,580,76.7,11.11
1897,579,581,241.0,11.11
1898,579,583,455.5,11.11
1899,579,598,419.4,11.11
1900,579,601,776.2,11.11
1901,581,583,261.1,11.11
1902,582,583,145.3,11.11
1903,584,585,144.0,11.11
1904,584,586,218.1,11.11
1905,584,587,240.3,11.11
1906,584,588,231.3,11.11
1907,584,601,276.7,11.11
1908,585,586,305.7,11.11
1909,585,587,194.2,11.11
1910,585,588,264.7,11.11
1911,585,601,156.1,11.11
1912,586,601,351.8,11.11
1913,587,588,132.2,11.11
1914,587,601,325.6,11.11
1915,589,590,91.3,11.11
1916,589,591,57.1,11.11
1917,589,592,135.7,11.11
1918,590,591,37.7,11.11
1919,590,592,137.5,11.11
1920,590,593,100.4,11.11
1921,592,593,160.4,11.11
1922,594,595,63.4,11.11
1923,594,596,119.8,11.11
1924,594,597,189.2,11.11
1925,595,596,182.1,11.11
1926,595,597,131.6,11.11
1927,596,597,296.4,11.11
1928,598,599,307.3,11.11
1929,598,600,353.9,11.11
1930,598,601,631.0,11.11
1931,599,600,57.7,11.11
1932,600,601,451.7,11.11
1933,602,607,547.7,11.11
1934,603,604,318.5,11.11
1935,603,606,667.2,11.11
1936,603,607,438.5,11.11
1937,604,605,129.3,11.11
1938,604,606,478.5,11.11
1939,605,606,412.6,11.11
1940,608,609,116.9,11.11
1941,609,610,266.9,11.11
1942,610,611,201.1,11.11
1943,612,613,163.4,11.11
1944,612,614,248.0,11.11
1945,612,615,352.5,11.11
1946,612,616,302.3,11.11
1947,612,623,382.0,11.11
1948,612,624,277.7,11.11
1949,613,614,101.2,11.11
1950,614,615,109.3,11.11
1951,615,616,112.1,11.11
1952,615,617,192.3,11.11
1953,616,617,191.9,11.11
1954,616,624,415.6,11.11
1955,617,624,571.8,11.11
1956,618,619,128.9,11.11
1957,618,620,125.9,11.11
1958,619,620,98.5,11.11
1959,619,621,193.0,11.11
1960,619,622,291.3,11.11
1961,619,624,548.3,11.11
1962,620,621,94.7,11.11
1963,621,622,128.4,11.11
1964,622,623,92.4,11.11
1965,622,624,560.9,11.11
1966,623,624,582.8,11.11
1967,625,626,214.5,11.11
1968,626,627,161.8,11.11
1969,628,629,116.0,11.11
1970,630,632,162.6,11.11
1971,631,632,112.1,11.11
